{
  "optimization_config": {
    "target_force_range": [
      15.0,
      25.0,
      5.0
    ],
    "path_step_over_range": [
      0.005,
      0.015,
      0.005
    ],
    "path_velocity_range": [
      0.03,
      0.08,
      0.02
    ],
    "quality_threshold_range": [
      0.4,
      0.6,
      0.1
    ],
    "weight_time": 0.3,
    "weight_quality": 0.4,
    "weight_force_stability": 0.3,
    "max_execution_time": 600.0,
    "min_quality": 0.5,
    "max_force_variation": 3.0
  },
  "best_config": {
    "params": {
      "config_id": 22,
      "target_force": 20.0,
      "path_step_over": 0.01,
      "path_velocity": 0.07,
      "quality_threshold": 0.4
    },
    "metrics": {
      "execution_time": 348.6254600854898,
      "path_length": 24.40378220598429,
      "waypoints": 2500,
      "mean_force": 20.004955185676838,
      "force_std": 0.9941496077298239,
      "surface_quality": 0.485884728165781,
      "grinding_coverage": 3000
    },
    "score": 0.3580281751605032
  },
  "all_results": [
    {
      "rank": 1,
      "config_id": 22,
      "params": {
        "config_id": 22,
        "target_force": 20.0,
        "path_step_over": 0.01,
        "path_velocity": 0.07,
        "quality_threshold": 0.4
      },
      "metrics": {
        "execution_time": 348.6254600854898,
        "path_length": 24.40378220598429,
        "waypoints": 2500,
        "mean_force": 20.004955185676838,
        "force_std": 0.9941496077298239,
        "surface_quality": 0.485884728165781,
        "grinding_coverage": 3000
      },
      "score": 0.3580281751605032
    },
    {
      "rank": 2,
      "config_id": 11,
      "params": {
        "config_id": 11,
        "target_force": 15.0,
        "path_step_over": 0.01,
        "path_velocity": 0.07,
        "quality_threshold": 0.5
      },
      "metrics": {
        "execution_time": 348.6254600854898,
        "path_length": 24.40378220598429,
        "waypoints": 2500,
        "mean_force": 14.990203580093139,
        "force_std": 0.9990266278590898,
        "surface_quality": 0.485884728165781,
        "grinding_coverage": 3000
      },
      "score": 0.357885766802412
    },
    {
      "rank": 3,
      "config_id": 10,
      "params": {
        "config_id": 10,
        "target_force": 15.0,
        "path_step_over": 0.01,
        "path_velocity": 0.07,
        "quality_threshold": 0.4
      },
      "metrics": {
        "execution_time": 348.6254600854898,
        "path_length": 24.40378220598429,
        "waypoints": 2500,
        "mean_force": 14.998477529340944,
        "force_std": 1.0160495804812,
        "surface_quality": 0.485884728165781,
        "grinding_coverage": 3000
      },
      "score": 0.3573905082395621
    },
    {
      "rank": 4,
      "config_id": 23,
      "params": {
        "config_id": 23,
        "target_force": 20.0,
        "path_step_over": 0.01,
        "path_velocity": 0.07,
        "quality_threshold": 0.5
      },
      "metrics": {
        "execution_time": 348.6254600854898,
        "path_length": 24.40378220598429,
        "waypoints": 2500,
        "mean_force": 19.998364191926054,
        "force_std": 1.0194767487906362,
        "surface_quality": 0.485884728165781,
        "grinding_coverage": 3000
      },
      "score": 0.35729113840098164
    },
    {
      "rank": 5,
      "config_id": 9,
      "params": {
        "config_id": 9,
        "target_force": 15.0,
        "path_step_over": 0.01,
        "path_velocity": 0.05,
        "quality_threshold": 0.5
      },
      "metrics": {
        "execution_time": 488.0756441196858,
        "path_length": 24.40378220598429,
        "waypoints": 2500,
        "mean_force": 14.973775289588474,
        "force_std": 1.000340522872749,
        "surface_quality": 0.485884728165781,
        "grinding_coverage": 3000
      },
      "score": 0.34674748432171515
    },
    {
      "rank": 6,
      "config_id": 20,
      "params": {
        "config_id": 20,
        "target_force": 20.0,
        "path_step_over": 0.01,
        "path_velocity": 0.05,
        "quality_threshold": 0.4
      },
      "metrics": {
        "execution_time": 488.0756441196858,
        "path_length": 24.40378220598429,
        "waypoints": 2500,
        "mean_force": 20.000341773976913,
        "force_std": 1.0006360262916507,
        "surface_quality": 0.485884728165781,
        "grinding_coverage": 3000
      },
      "score": 0.34673886687460914
    },
    {
      "rank": 7,
      "config_id": 8,
      "params": {
        "config_id": 8,
        "target_force": 15.0,
        "path_step_over": 0.01,
        "path_velocity": 0.05,
        "quality_threshold": 0.4
      },
      "metrics": {
        "execution_time": 488.0756441196858,
        "path_length": 24.40378220598429,
        "waypoints": 2500,
        "mean_force": 14.99701625711144,
        "force_std": 1.006411904305921,
        "surface_quality": 0.485884728165781,
        "grinding_coverage": 3000
      },
      "score": 0.34657060143877333
    },
    {
      "rank": 8,
      "config_id": 21,
      "params": {
        "config_id": 21,
        "target_force": 20.0,
        "path_step_over": 0.01,
        "path_velocity": 0.05,
        "quality_threshold": 0.5
      },
      "metrics": {
        "execution_time": 488.0756441196858,
        "path_length": 24.40378220598429,
        "waypoints": 2500,
        "mean_force": 20.018586853118453,
        "force_std": 1.0121275386101392,
        "surface_quality": 0.485884728165781,
        "grinding_coverage": 3000
      },
      "score": 0.34640440931544203
    },
    {
      "rank": 9,
      "config_id": 4,
      "params": {
        "config_id": 4,
        "target_force": 15.0,
        "path_step_over": 0.005,
        "path_velocity": 0.07,
        "quality_threshold": 0.4
      },
      "metrics": {
        "execution_time": 705.8271776083053,
        "path_length": 49.407902432581395,
        "waypoints": 10000,
        "mean_force": 14.991899378690874,
        "force_std": 0.9944976466273266,
        "surface_quality": 0.485884728165781,
        "grinding_coverage": 3000
      },
      "score": 0.1686342674463564
    },
    {
      "rank": 10,
      "config_id": 17,
      "params": {
        "config_id": 17,
        "target_force": 20.0,
        "path_step_over": 0.005,
        "path_velocity": 0.07,
        "quality_threshold": 0.5
      },
      "metrics": {
        "execution_time": 705.8271776083053,
        "path_length": 49.407902432581395,
        "waypoints": 10000,
        "mean_force": 20.00914880801106,
        "force_std": 1.0020699035928857,
        "surface_quality": 0.485884728165781,
        "grinding_coverage": 3000
      },
      "score": 0.1685237754542833
    },
    {
      "rank": 11,
      "config_id": 5,
      "params": {
        "config_id": 5,
        "target_force": 15.0,
        "path_step_over": 0.005,
        "path_velocity": 0.07,
        "quality_threshold": 0.5
      },
      "metrics": {
        "execution_time": 705.8271776083053,
        "path_length": 49.407902432581395,
        "waypoints": 10000,
        "mean_force": 15.002856603073282,
        "force_std": 1.0034508152795691,
        "surface_quality": 0.485884728165781,
        "grinding_coverage": 3000
      },
      "score": 0.1685036556754516
    },
    {
      "rank": 12,
      "config_id": 16,
      "params": {
        "config_id": 16,
        "target_force": 20.0,
        "path_step_over": 0.005,
        "path_velocity": 0.07,
        "quality_threshold": 0.4
      },
      "metrics": {
        "execution_time": 705.8271776083053,
        "path_length": 49.407902432581395,
        "waypoints": 10000,
        "mean_force": 19.99362946721941,