{
  "vision": {
    "workpiece": {
      "position": [
        0.2509014741111503,
        0.25088753084214893,
        0.9497945349991321
      ],
      "normal": [
        0.21719505444581028,
        -0.010808402445962276,
        -0.027061469280321104
      ],
      "bbox_min": [
        0.00013868803216610104,
        2.6640822397894226e-05,
        0.9000002145767212
      ],
      "bbox_max": [
        0.49999743700027466,
        0.49999678134918213,
        0.999987781047821
      ],
      "detected": true
    },
    "quality": 0.4868756785110052,
    "grinding_area": 3000
  },
  "force": {
    "state": "contact",
    "raw": [
      0.0,
      0.0,
      5.0,
      0.0,
      0.0,
      0.0
    ]
  },
  "motion": {
    "waypoints": 2500
  }
}