{
  "action_mean": [
    228.23965454101562,
    293.98907470703125
  ],
  "action_std": [
    101.59954833984375,
    96.03692626953125
  ],
  "action_min": [
    12.0,
    25.0
  ],
  "action_max": [
    511.0,
    511.0
  ],
  "state_mean": [
    229.11160278320312,
    293.3111572265625
  ],
  "state_std": [
    101.85482788085938,
    96.48939514160156
  ]
}